uid,is_pathologic
xaji0y6d,0.969065
pbhsahxt,0.988064
hv3a3zmf,0.957618
8mdd4v30,0.921155
t9nt3w5u,0.827284
zbikcidk,0.864458
wnnhj7xv,0.984951
g0fn9xuy,0.978641
41ibljh7,0.863891
5lxo6qji,0.966262
ujv6oh9s,0.981920
dbdw2pcn,0.970487
9t84azyt,0.925170
jxepq85j,0.962617
sg65kxvf,0.952258
1t2tala7,0.870632
53lc58dr,0.983055
c11ertj5,0.494487
9mx2x18h,0.894116
afeyuhz1,0.928856
gv0e38da,0.401391
ly8ozcyw,0.565852
d14ve92m,0.824976
pnsm43d8,0.557009
w3zp08j3,0.985612
trp0j43d,0.373615
5iqvnb4g,0.969467
h2m5zja8,0.863081
dzr1yxr2,0.947690
dhylurtp,0.955778
0lzjjege,0.879793
t1ghr09s,0.978742
kdgigatj,0.462895
9tze5r5u,0.960209
qpgb7r3o,0.998791
cwbfuk9e,0.949652
1v2isqp4,0.785615
9kwv08hh,0.855500
xfgcaqvk,0.768669
izzqy72w,0.936859
x7ptx63c,0.992251
fl0ukeyz,0.823101
7srcbplj,0.788267
d84u89yj,0.617167
b1qx6gvw,0.973655
rdmly4ly,0.702462
k83tqll8,0.623469
os9xtogn,0.649019
1w1ht7pz,0.567103
e9vifttd,0.667296
96qe3rzs,0.888900
j49itn7s,0.960962
55j2o7s3,0.897148
kkv9rftm,0.927795
ttqlgzui,0.495332
1b0z3nx3,0.700936
9rbsv55p,0.980220
sq0oxfq8,0.993089
myx444nl,0.915869
z15bcw79,0.440768
0pdw5py6,0.981150
b2knftu2,0.724632
gc5wi6fq,0.891997
jja26yfp,0.452551
mvxpj4hn,0.915422
riuu9k9x,0.795219
juy0bvr6,0.794084
k2vmwwyz,0.610493
x4w6xlpu,0.731591
0dk0get8,0.725643
t63j3r30,0.466501
me8f8409,0.521524
82n2atqy,0.866158
yv37dia5,0.973323
u6hc36ko,0.696063
f8krd5eq,0.989132
y08p0fod,0.958714
ro8bnp84,0.932216
dyt9moge,0.942302
4qxxva2i,0.887682
euc1hh5l,0.950124
f6a4fejg,0.897673
xaa2ilgb,0.747054
0s0r2sds,0.862441
8b25sq8c,0.940228
royr6ccv,0.668008
cjwtl9tq,0.554313
vdz4x1zh,0.994340
qimqodpx,0.715360
nf7c3dd0,0.936044
3uvulemx,0.998672
15z8vmuh,0.999000
xid4n1u3,0.894672
493wxa73,0.999000
jgzlma5u,0.997669
ofwb0hpm,0.999000
nz1udbfw,0.993924
yjxrpj1e,0.997075
pkyrybov,0.960021
akhejla0,0.998495
gnzs43c5,0.988403
ba75uuzp,0.991025
eal2w37d,0.997908
4ivsolml,0.989893
gses6m03,0.990515
3ifhv1xg,0.999000
1r11q7uw,0.996236
w5wfcpkj,0.997674
cslqc3c5,0.947769
4wsqt26q,0.997621
3xlrfcd6,0.998848
mzsgipps,0.992817
fnkomv2x,0.998507
cdyk0x65,0.999000
mufm8zov,0.973472
7ln23y30,0.999000
ysxpnngh,0.985474
8riec4d1,0.997943
45bm1enf,0.977213
313fpoyi,0.783667
pk0qtl3q,0.994764
4n89qkns,0.991815
832ejx5t,0.999000
d44k1j6f,0.999000
p8hqmabs,0.999000
i9nb74x2,0.999000
ek3zezqa,0.975925
cj4t0sek,0.998016
kbp2qd6v,0.997179
asifpwio,0.993994
xd9css9t,0.890294
oqw9ja2m,0.998468
0w10lbt3,0.998679
g2qzw3c1,0.997468
qkbhb7s9,0.999000
t64z7w2s,0.993545
ehe2atn2,0.997127
twdl9zs1,0.904917
3c9xqym5,0.992938
2xg8p6be,0.999000
fflzm764,0.961947
jwtektsg,0.991873
7fxzv4u3,0.996246
bbxux1ox,0.984674
rwk8r2yk,0.998532
ccprhvlz,0.985540
049enulq,0.987401
jidknwi5,0.967138
flul1rsr,0.994450
la8s8hmb,0.983404
r5xqt4p5,0.998202
01nouhtc,0.999000
s1k9ye9o,0.999000
2m71hssb,0.994620
elrqvslw,0.918092
f90km3tz,0.981504
k3ny9v20,0.999000
yar821uz,0.873683
vgww4fyb,0.997993
8dalfyo1,0.996048
750cehlx,0.999000
slg6mm1z,0.999000
xyvgiui9,0.998927
kkhzlm72,0.916793
jeyn9382,0.983241
kkzmpjrh,0.964507
t7zewviy,0.980699
twbozd1a,0.952985
t7o75rh8,0.999000
lx6dut07,0.993323
6g5g79or,0.994983
7875aud9,0.992150
k9tr74qg,0.992138
efqjg02u,0.995307
1g463sdy,0.986151
gfliji18,0.502743
k0axycel,0.879715
os6zle6k,0.798310
whef0vot,0.890115
qtxhi15c,0.916927
qzcuctsu,0.787602
flsehuds,0.994356
3qsqcq30,0.923812
o30ubmc9,0.954690
7c7bo119,0.542596
xp9n56ny,0.957566
xtxmgtt0,0.977445
iaakytt3,0.873003
imj70e3p,0.757479
15ahdbvz,0.975973
b0oih5cs,0.653811
k30lvylk,0.584428
fxhkc856,0.673994
wpr97y2l,0.969350
ofn1r4kz,0.901127
36u8ueih,0.618231
x74d0gjy,0.631510
v5g10ur5,0.818025
l8a78e9r,0.916317
ivh6t1nt,0.718326
mjsrd9q4,0.931459
6nouhfj7,0.992361
upfln4rx,0.825477
yj38xrg2,0.955736
gzr7txcb,0.469976
48y1o4iz,0.985852
asnwywrr,0.969517
atatj9a3,0.577695
y36ddfgs,0.911806
3jonou9i,0.700955
y4x41dnt,0.928661
cagrp2u4,0.923956
dtbh55rb,0.827136
c76ub7l8,0.920260
v1zocfi4,0.947852
o6l1f90s,0.982986
9bp4m18o,0.994800
1bj9rm7p,0.917694
yxdw2zcf,0.570011
zw0ldalm,0.983788
jegqtoam,0.954947
dvlnknd6,0.918339
69ugnekr,0.928067
cpprcjiw,0.971698
vhdk8lw2,0.812197
lm349el8,0.668910
hl88kzru,0.913705
in3oeuvt,0.886957
yt8qzpky,0.761617
32orwixz,0.747171
2c9ros7y,0.978905
t2m6twd1,0.932014
xmxb9yo1,0.681383
8pajssuu,0.286752
qo1vsmad,0.991549
o8e7flqh,0.606846
rrpzlk3e,0.912403
4xyf9igf,0.845518
u8iogxpb,0.929624
whvnzh13,0.749207
cd5glqj5,0.951260
sxvwvm4w,0.930413
3zkwdeek,0.680885
gyspengw,0.922406
yx9trflq,0.619461
bmae38sr,0.793038
yo4rcb1k,0.763459
jtgq01te,0.843042
e13n3bzt,0.962932
9d31k9qm,0.945380
3p91i3vm,0.800888
zwffhhcm,0.588350
ktlzkj49,0.983162
yd82795e,0.995184
5iz31yru,0.933119
joqw5dsk,0.980593
7n8la100,0.963972
qxmcthph,0.476993
j3muurmy,0.988944
bd2qe4pa,0.855301
8hyexf7j,0.958054
xjn6fokz,0.977207
ixzareiy,0.814001
az39pecn,0.962625
0dl5e11e,0.466954
9ftaxp0w,0.268376
foy4dd1v,0.747435
n8lfjdtv,0.730760
v2y4xkss,0.616356
0kb68rer,0.892497
vt997e4u,0.565950
ny181acj,0.823733
bc2swsoz,0.957637
ctwjlsh3,0.907793
tow4ycz0,0.929571
4cdpqvl0,0.697451
0ezzf8s2,0.830753
zge2j51b,0.676486
3jczucqm,0.852662
runjdu0i,0.967372
sb5iqnf7,0.969255
4t60ploz,0.917713
jcns6g29,0.910792
8cqk4lta,0.648182
hukwqvr1,0.790439
h61iaoim,0.939177
458ax40d,0.774883
tirc9zd7,0.975117
6szn9dde,0.955829
3cup8ijl,0.693997
2z0ljch2,0.861650
vffqot8h,0.961427
ljefy3zb,0.364265
4ldimsyj,0.974762
9boq0iq2,0.630327
fa39e3nw,0.930616
xuj3ac6p,0.934713
e63lbqgu,0.733173
3obyghgk,0.785432
5bwikotc,0.729568
keh5sw22,0.379342
92mtr6sn,0.957606
glh62c9t,0.742506
199dxj37,0.637908
c9h42m44,0.455651
gv3z6bz8,0.986811
uug95rlr,0.977960
dihsa7he,0.878449
z74lav71,0.958875
448n7odk,0.729633
ef828xg8,0.955216
y72ivgly,0.694557
e088o98b,0.843974
v78hu7f0,0.993596
i9g5dzx5,0.737440
qjicjdan,0.969962
085rntdr,0.951724
5xyfc4kl,0.533773
8cgn0t6d,0.831687
vwrb7f6f,0.964063
dhgzz0jk,0.921224
ibu4fmpk,0.953881
xvhagkc4,0.682008
lorxdtg5,0.830308
nqjqijc1,0.908057
ydmt8vt4,0.916282
3pt5r5rc,0.903980
6zs62ywe,0.838156
1g983ep9,0.993137
p9w4j66c,0.698676
noljq52w,0.979688
spofv177,0.729000
udktmonr,0.878434
vbjfvyb6,0.980335
li076a3k,0.962360
krzd5e9p,0.954824
3jpxgh30,0.983198
153sflse,0.962811
45bg34iq,0.536357
7zj3sweb,0.984148
nvg5vmf6,0.852030
0yknfu84,0.989854
xyjoa21a,0.833601
6xvaj2k8,0.601922
xpnmjqy3,0.982914
odsx4nxv,0.859832
kdc9x5jz,0.975960
6kf1622v,0.646507
xyzx9jpn,0.969763
bzug0it2,0.970759
6ys445gd,0.820139
ej31gymd,0.940715
m0l2ljk4,0.956153
q5v7c6s5,0.427464
nkb4ehou,0.868681
6qlz2rwg,0.708461
waj1g1r1,0.704304
dwwo8nbh,0.865716
nal3gywi,0.941983
ymenvg3k,0.538813
k0vm59m6,0.938727
mg87oi0e,0.765435
0vgnxb5j,0.937041
tb9xxayp,0.796262
ntrfzwkx,0.894621
xjve3dze,0.983630
edhhjshz,0.887674
kbrh7lay,0.890073
64yfds0d,0.960574
ji9kqdgb,0.963393
k2l0d1b4,0.989957
xgmpw5d3,0.969228
go8jn42x,0.871573
2ezc7fov,0.436802
2ygnmby4,0.538316
9e7eobjl,0.694740
zy1uu9ym,0.951879
szdximyn,0.908483
4u9bxf44,0.972784
5cri8bix,0.724417
oiq2q4qe,0.860909
rxdouadv,0.986793
ei3zrrhf,0.995875
4abufwbu,0.998389
cjg8vuaz,0.971703
xkdq95g3,0.997540
v23gxj0m,0.995811
qvindh4s,0.999000
pfdrwb2s,0.912202
erev361x,0.996170
snbti22n,0.948391
v01zderi,0.991233
4k5ogz2u,0.996870
eaxylnfx,0.999000
j4pnjy1o,0.975746
2rntjlmz,0.969648
04x0qzfh,0.967490
omtzzf8a,0.986661
df7pchcb,0.974769
n9wszv83,0.985129
xphx2kbv,0.956175
sigbiaf9,0.998950
2movs0cd,0.995877
k36m8jvh,0.910301
7ujodck8,0.997862
2853uy8u,0.988320
118qqvae,0.996757
cw9yil8s,0.927741
a3idy3c7,0.988754
rm6j8y6r,0.988389
h05hhiwf,0.997391
d7yxw1tb,0.986593
rwr965r9,0.979886
6khub2rt,0.998126
soyg9zqy,0.998974
ahulwjti,0.996606
qwnrhzn4,0.998853
kgeuidji,0.992067
pnf8f3gr,0.996807
94sz2kuu,0.976779
oyc3rwqm,0.996850
mu7jae58,0.990232
huxg2myr,0.994425
06nkwfg3,0.995212
mwu4cfil,0.993328
kjxjq5nv,0.996832
8oga0x7z,0.995128
cgdc5tao,0.998495
1cjfx5li,0.987307
kwe4bx4l,0.972999
r9tjq8zg,0.997843
vwwusxlm,0.992066
t2pnjka3,0.965624
4mqa78ra,0.972194
pkianouo,0.992126
f0onjpi1,0.996230
63yk03o4,0.999000
gkwwjwga,0.993304
btgdjz0i,0.995518
frml29q2,0.980164
l48c1cqg,0.996942
433e1i1p,0.918470
0bq1s9ry,0.999000
llwb7sjw,0.988900
h55hewlg,0.989076
je2ab2rv,0.497519
ndfdw79w,0.998608
cxz2ei92,0.999000
12pgyme6,0.698595
rpkzggm0,0.999000
j36tcfkj,0.899799
nawnga41,0.706304
izxtnsrt,0.999000
wlxdsc4e,0.986530
5hrdu4xs,0.997564
zjnvc7hr,0.999000
6c2cu7on,0.991781
z3jbck88,0.996665
d0tgsiwg,0.675164
0odwmqx5,0.980165
ggomf9pm,0.996126
l9ln1p0v,0.981498
uh17j8qo,0.983915
09vs9kkh,0.869841
4a3yjtu7,0.997236
fbmenui3,0.988095
do7002g3,0.998848
yu6vk0uc,0.999000
c1m3o55i,0.998303
xva1nkbt,0.999000
fshb0oqv,0.998185
shkoecub,0.982205
ods1eeur,0.764012
xhw0ic1l,0.997538
7dypmlva,0.998134
k9w9pfb3,0.966246
hn14eb87,0.997817
53ayeqah,0.980190
thsjr0fz,0.824259
auxbgk2w,0.985995
bxanj4x5,0.996164
a5xin9dl,0.936661
5tgsq7ai,0.990547
tmofmmwi,0.986899
9s3w563b,0.780916
tkf6xdn8,0.999000
wwiif86l,0.998739
thet25lz,0.997343
se99f77l,0.912300
u8el5015,0.994045
oop767j2,0.984813
dg1wjuii,0.920663
ymyrsvzn,0.997393
4regb1aj,0.999000
o091c795,0.952592
rlqiob0n,0.996691
lw0vs52s,0.995192
q3b9so0u,0.956584
swbkok3q,0.998041
pwbsf3q0,0.979811
e27zeoqg,0.997101
vzhqjy62,0.965752
zeeqnsn2,0.798891
s8nn16ux,0.994540
f5gzpl1q,0.998074
weehwjq4,0.969834
ta5ivroc,0.998653
vitwu3bf,0.996796
xb4y4k7b,0.942713
pgyvyv2g,0.915849
qu7dknnc,0.995713
ptkezjss,0.998344
zwd0w9ry,0.979698
79kvls9m,0.978756
euswrgvz,0.998859
9aawe429,0.987389
omuwahk2,0.990500
lslaym0w,0.970802
bglmy62x,0.999000
rw6tm2o0,0.997360
4k0lthy2,0.999000
5m8kb9w4,0.999000
uov51zlb,0.999000
oriq8hke,0.877505
226parsg,0.980214
70s1f537,0.996806
ye0qzsa7,0.973307
yvdqbsxl,0.977097
ul6lgjlp,0.997809
efjawshm,0.930770
lfzkicwm,0.990089
peqydbpg,0.982160
vv4zwl3z,0.991665
yt91qe37,0.996236
qqyzqii4,0.993228
w6ozx25q,0.999000
brmqg1ve,0.986240
d32lx2to,0.950171
owt9nm3v,0.999000
2p2tixc7,0.979038
urvqt3g8,0.997615
cd31nrxd,0.924930
356wafft,0.983033
ouhylu6k,0.978015
7p9mda9o,0.991402
ekntbz3m,0.971353
55izolnn,0.992822
txrgn74f,0.980687
9yecazrp,0.989181
9dxoq2vp,0.928511
gstqmgvu,0.961340
4isotn9u,0.999000
zeryf099,0.894148
2qc6dr08,0.734618
cw2lbm2q,0.993907
sq0p82kb,0.928371
700ucrgb,0.990193
93wkcs4k,0.924346
ek4aegvf,0.972303
q3jzr25m,0.998426
df7fr91i,0.993135
pwh0mx1e,0.994842
gok01tnz,0.999000
rf5a7qy8,0.758764
yb7w8p74,0.948976
mjdxo100,0.991738
vhmygty3,0.990367
addqhkga,0.990688
d7x48wze,0.991686
4ex6u86z,0.999000
jq7w7jp6,0.998511
1lfc1nlc,0.987538
8jpr7vgr,0.986017
f1hx6zdc,0.976575
ujq6fx7x,0.981961
jz6us7rp,0.999000
422ta83r,0.994305
t8cq1xgb,0.426771
ngz6wmdw,0.706418
0fgzvrct,0.885303
lt4q9bc2,0.833438
be3yqy5f,0.695903
u7bfxq7b,0.705400
zegbl2qg,0.909148
v3dr2h2p,0.754646
39yl9ue4,0.955211
21vmefoz,0.641877
tp7bd4w1,0.967605
aragdx5o,0.506525
31yhxso7,0.849276
vbgr8w2m,0.962453
aietdn1t,0.972960
h1xjg2y8,0.875639
rgybxkpm,0.967452
21b07g2r,0.749072
e6zvlhyl,0.774877
2ld05nhq,0.803598
r6f7qnez,0.889693
w9heyce4,0.647048
qgm5v2ww,0.623894
g84d4r9v,0.870497
4k00ilu6,0.689822
vfua9bq1,0.515536
btr23qiu,0.973568
a08ekxdr,0.643003
kz40aq15,0.748999
o2nqw4c6,0.846991
lbpj8t22,0.875373
c50b8y5d,0.762158
nwnguczh,0.487992
9ier7u8h,0.556775
0imjyjcm,0.937009
rsezytkw,0.948201
2837c6qc,0.826727
6k8djzr5,0.919116
swk8temp,0.608396
xkc5i8xo,0.971834
mxlvz4qk,0.924327
e2gjr81b,0.973098
mqf7zk94,0.581138
yxfiblej,0.932708
gublmntf,0.918227
k7orfqla,0.988434
09lzrk79,0.747071
ufu6py06,0.916023
ftlo4qdb,0.931322
xvh7katq,0.982434
ydshlv76,0.548106
mf4nnkm9,0.901917
5d0p92k3,0.539031
8p6fvdhr,0.925613
59c81do6,0.762044
ouz1egnt,0.955610
b34kuqaa,0.992624
j84rx6pr,0.887948
yiej9c0u,0.951699
u5wryesu,0.951499
4fcl5efj,0.935314
p6mkt7s1,0.798696
gd1t53yk,0.983857
yydu3asn,0.980368
rm6dfhg6,0.847241
w3stt1eq,0.981052
c37rln36,0.923878
v1mzb3i4,0.931522
fieecy2c,0.906963
11bd2sce,0.964707
jcy127h6,0.738603
gmd478mf,0.849750
s0iuduah,0.878240
gk6t9dhs,0.291815
znvp8gmn,0.832372
hie9ede1,0.495808
zublekvl,0.886586
9ptk4gc4,0.824779
ryg9rdpx,0.948068
dfovd79c,0.955788
9mv9e40k,0.917874
zuj2xorv,0.984848
ork1djrw,0.649944
edbcy8ny,0.862073
fwdc112h,0.894834
xrjm4t8b,0.465013
p6nlnqbu,0.651997
4kzrezrd,0.968502
yxyur4so,0.905351
r8wm9lbb,0.976254
4m0a6mdm,0.832706
mmxixv6c,0.998411
kmalq5u6,0.919850
jzv9nou3,0.625014
dyms1mwn,0.943165
pr424tkb,0.990324
9oi0d4dm,0.996474
c2rh2xk2,0.769524
pthowq1g,0.145037
az5uh80q,0.794575
7tw1puws,0.802275
nffykpl3,0.905103
cho3xjvo,0.899082
egi3qupx,0.908720
bfej2xg4,0.867482
8ra4dv56,0.689002
onxd70fe,0.908383
07s387j5,0.874021
ie3lvo0i,0.903065
pfg8pjvr,0.780340
n8lpy857,0.717726
nz3a8v4x,0.807914
7y2itl8n,0.974581
3e54n6o9,0.916131
jd3ih66w,0.892420
51ob537q,0.210964
o4z533zs,0.836571
mv30qabx,0.855353
w2eowlcf,0.889813
s8314y2l,0.878480
r0jy32ho,0.964440
g585i87x,0.983284
w69hzgop,0.766198
jdn8ezp7,0.965980
qyezg52k,0.928094
re4v9kyp,0.935593
ofkjw6ny,0.957855
qaelyyzz,0.776396
0jdcli69,0.686961
78v0bjwk,0.304933
on8uujs7,0.658093
5eltfebe,0.816770
5407k5w1,0.836491
jl6l91f4,0.915436
x2bfibjz,0.962259
p97bmzrr,0.744142
45ed5ggs,0.911500
j6vv8suo,0.897770
c1y5ayyo,0.954431
v84fc3xq,0.905643
8va8x8l0,0.781096
08uhbxlb,0.822658
c8nog85d,0.880856
4f2k1xer,0.900762
p3lyex3s,0.955921
r5rup13w,0.742131
ppbmqiyf,0.820893
rwskp6rf,0.968819
e64skbcb,0.943312
dpdxujjc,0.715525
sexggoc5,0.714577
kvqywj85,0.922894
gg0v5dta,0.363123
egry58vr,0.634046
w9myyoke,0.728477
aea84hxx,0.874472
pw2gkqra,0.134527
ffz8q4vh,0.846296
u4bawz94,0.939007
0vtkrrvw,0.797384
y3rztplc,0.858479
6prr7mza,0.660073
kgmih6mv,0.863164
4xekz83y,0.836242
0224wk0y,0.955136
ehvdo9kh,0.853948
ba5mf36b,0.898935
cpweijmm,0.938286
b5jfysyz,0.651421
7pq4ddv2,0.954559
83bdw56f,0.923803
kps0dxme,0.278545
4po1i3ms,0.664345
dn1mxf1p,0.795923
i2ooq42n,0.843295
bfa37dl9,0.698354
fc1xx6cw,0.796694
zxskoytk,0.677659
06akt7zq,0.807656
ht2xz52o,0.614677
hkbm00e9,0.817799
kdts1fb2,0.858887
vi109dcn,0.886623
wmbxek0q,0.935625
929u6wtv,0.753048
mk2zyzsi,0.904554
lu3ndz3c,0.795952
c5rqnsvs,0.965894
ojrpp7r9,0.909242
3fezez5e,0.862625
hr07n8vo,0.929570
eubfn9kr,0.833686
2fvb66h3,0.830493
rem5puu6,0.377132
2rzv1sqq,0.710276
q5l2xoio,0.902388
t860x5zu,0.911670
2zueugwu,0.980275
bugr6e7g,0.606416
a2iz5p3v,0.063128
ob5apo4l,0.974854
jedgfjdl,0.832155
ogwlacol,0.819381
oln3eh1v,0.690215
r1necqor,0.709135
oi5j8yit,0.937992
2kodwh8n,0.939802
92tp6qaq,0.557196
3k8a7rv4,0.572409
nmwvsb0u,0.831458
koefukpv,0.989984
8lymj1qi,0.886962
9mqvayxa,0.949308
r6yo6z1t,0.949294
2xcb3yym,0.869750
33mg1zaq,0.752610
7qhak7md,0.464946
wkzirnk6,0.801974
zhh3o5ur,0.783537
txuyucec,0.934206
juis2gy9,0.589642
ytjuq7x7,0.872908
b7p9jyqn,0.724308
15ikpqah,0.669142
cua09pci,0.899332
flwdr3vw,0.892208
mjdimbm2,0.895027
71w1wudc,0.561613
bl4ce7pk,0.830118
wcyuknd1,0.977538
ivxan25w,0.854180
m72qlgdv,0.819230
c2guwjp0,0.989226
qi2clp81,0.593330
l51flmna,0.833079
vycs44ph,0.665409
h62myz9v,0.814141
lu8wpfq2,0.893496
bhaiiwi0,0.799671
8l0hg9nc,0.863981
bekgv1bb,0.695054
hg5zmtga,0.812773
46ayn2d7,0.980944
ki3x7995,0.787533
5cf72gnn,0.854009
v9ibwgt2,0.786306
lb25485h,0.764181
cqxcs1xs,0.648363
rqlnzzrj,0.883191
o7vbhh5o,0.767212
l5u7nted,0.682671
qmvqwpqo,0.968445
2lngixmc,0.484890
4sx27dcb,0.640635
om2zkf5b,0.490971
1sa3y5t3,0.925730
7szpf9s9,0.771587
ehwhg0u4,0.946595
3qlx3f2x,0.665335
hdcv4bkt,0.841889
cv1ltwbj,0.869762
9uu2bl7a,0.756470
mkoh109z,0.870573
do0d3fvn,0.756368
v4kfq5dz,0.755060
53x1f8s0,0.542342
x7m2mm4p,0.939403
61nhvcfw,0.967317
r2f5t82d,0.523429
dl7fkndg,0.940447
1jrj5xfe,0.868702
ub4o47en,0.955251
48nysj5y,0.469354
wx0i3a4k,0.708985
focnqdqx,0.937474
6qd0771h,0.738570
ll9rzrkb,0.854899
fqxlbvn7,0.682599
nprb58yj,0.843102
wdcokz5s,0.491638
yj3d6m1f,0.416851
mpryfzmy,0.707374
oa2vcywl,0.768144
9700lfqf,0.935884
5e8osaq3,0.671246
eq8dh9pt,0.836658
fnm88ua3,0.843136
a6s5zxqo,0.643821
mts1egpg,0.704400
vtn4ypkw,0.894955
7493dxwo,0.864913
r17dpubk,0.961988
piqnhqe8,0.669087
6o3z0ani,0.423832
k5j42oi6,0.957545
oafn33vm,0.811048
89i9gx32,0.912222
uew9g6sp,0.825629
d2sw24wj,0.722928
t8hdpwvb,0.990742
z7cn0eqw,0.942571
mi6kti22,0.727576
1xj7wwud,0.856494
qvdk6drn,0.697172
4orac8cy,0.909312
nl63gagu,0.636298
vb99rwtf,0.927272
07gbasf5,0.658947
ehlh07jr,0.915691
8mtk0rso,0.724180
ggy5kov1,0.641113
l28r5p03,0.828453
wvpunwcg,0.444056
bsvk3x8m,0.975626
bgl2mcxn,0.804323
2elalq26,0.959762
unvsdkv5,0.983118
4c6p1llh,0.561470
2r9pegln,0.886478
ukx496k4,0.961636
o67bxcd2,0.722044
0j1oulwo,0.623996
zq48enwb,0.453300
badlypgg,0.957805
6n6975j2,0.497059
d8clw3jg,0.761531
eqe5158o,0.643065
qesux9l0,0.888103
ijkcu5x0,0.628150
hc8cah3g,0.577253
dhvs41lq,0.901243
fs6hn95s,0.814442
2gkfl5xf,0.928390
50i6gbxq,0.577671
j7dpfssb,0.789644
jdx0pkov,0.918347
trpyx8hb,0.489782
bjcdiwzo,0.807102
d05jh2mk,0.507342
v0dszrk6,0.761133
ilcg6far,0.949810
mgjcy4v8,0.976324
urid3u94,0.724131
sgfdk0q0,0.958923
9jrnamz6,0.712779
146vey0a,0.828465
94xfri09,0.948785
m0g8w85y,0.821937
6q8sjy5o,0.744970
p9lbsmwp,0.978635
q82k8ryq,0.905203
f8wxkk2a,0.853809
bkvblpxa,0.661035
jmk4x1fd,0.945926
j9hvchrm,0.883121
3wp8djkl,0.943687
uyluyhet,0.679374
kduwtn5p,0.873010
epl7zqpp,0.707841
oau8p1wk,0.916570
isetuk1o,0.865361
oa35qbb3,0.876084
xmdkrlc0,0.803455
y0bhf0ri,0.820929
y4kl9ary,0.943613
eavedhr3,0.918058
pceo934t,0.843628
3y4wpwg3,0.853104
xg0trky8,0.912322
ryozdppb,0.722781
quakx6wb,0.736126
68q0j9m4,0.937626
smzocxmz,0.667575
mz2k1ko6,0.961730
xnqxu71s,0.983464
el8mwob4,0.777539
fdd7r193,0.909092
0i6g61pc,0.929105
we4c1v47,0.933915
lzn9uhjp,0.891810
khf33guw,0.773639
yh36motc,0.828933
g06xr3ur,0.744628
mwuecpnc,0.938019
c2keivli,0.761222
77jzc58c,0.927177
u47soczd,0.662965
q7jbmjm1,0.905404
ft07x5ic,0.311725
86z1b98v,0.808960
wct8jbbs,0.993641
xpk48ab1,0.967774
3t4y0tb1,0.802247
zppep69n,0.566159
gpcivi05,0.965116
2u9az3ce,0.914736
gbmxikvr,0.682373
ecjtr0m6,0.949879
hz72kxsj,0.961739
zsb6zwkh,0.950162
e9i0hn3f,0.977737
9zxqerbk,0.994732
n3dkvr5n,0.687247
bhgpbktm,0.926151
av6763v1,0.993820
m3pp00cd,0.732885
nzy47quu,0.939967
sfn07ea2,0.861819
8ditmown,0.986528
x23veulj,0.857416
gqpq8r4h,0.821814
c7jvlcg1,0.933577
j5ewfwbe,0.800252
by4ubzcz,0.956353
jjy4mzvm,0.724461
cpsiln3o,0.978939
x5fl2mox,0.961268
q9wfb76a,0.955244
v3s2sumh,0.959704
3b0n9cc7,0.996344
isutp04s,0.922169
brspj4ki,0.983463
i1nq0ei0,0.991310
5nms6xvq,0.733058
pu3et1ov,0.982384
ejklcp9u,0.954441
w165aejt,0.784461
70ebpy9e,0.987021
576mouze,0.748322
66vw9b0m,0.969897
qoq4kreg,0.818483
167d6vnx,0.834649
npsv8dkm,0.972577
u6u4pllg,0.922865
f309hsuw,0.939315
dkejp5k7,0.883474
917xfh41,0.870677
a68t2a3a,0.877282
h7u0s3kd,0.941246
z4ppj590,0.986483
emc20lsj,0.920633
ws1zl7p7,0.929297
2l4x5bwa,0.996958
en7yjf30,0.948494
kh5840ac,0.834061
uhgpjnvw,0.871034
rxgkikr2,0.897190
omrde51k,0.972365
8lxeqlez,0.907134
z1r2roik,0.955622
s62c1jlo,0.990865
po6j0m3l,0.841055
oufhw8wl,0.785449
va02dz61,0.994018
txsnhft4,0.541747
i26lh07b,0.917116
a7dorfki,0.886964
1ije2xe0,0.999000
jdcz1oa3,0.743365
vf02gvll,0.449202
sajhjxqk,0.953087
d8ur6tia,0.905290
rontdi9o,0.975219
inuxl39d,0.896623
g5rifwr0,0.971988
ui1jlmfl,0.971361
uoay12tl,0.915167
xlzs49cd,0.965465
zn1f0fp8,0.985550
bpg2r0to,0.977947
kpk7yswn,0.632657
xfshwzsj,0.990062
q77z4es3,0.802647
aofc9lgy,0.889623
tlcqfmui,0.996823
w7j35vlw,0.941058
ojtxcf0k,0.945043
jd2v1l1v,0.965910
j35yrg29,0.524272
d2ff5l6b,0.986838
spxlseun,0.870158
nrlst548,0.860356
84z4ur2y,0.985847
upmanqy0,0.959468
hu97ng0a,0.997008
psaldnj7,0.977519
vbjrbzjw,0.638641
83579wrr,0.885501
513bb6f0,0.930410
5ep4cwcd,0.981261
t9gwa44l,0.760065
z6v7s7o4,0.990094
yc3s0dpj,0.881083
hsg04ajm,0.972524
muzuqed0,0.971799
gv812hnc,0.943948
0i4x6g1e,0.916291
bzgflig5,0.988599
gkzjrumx,0.991046
qw3b4nth,0.974345
zm32hzs3,0.936026
2d1jqbex,0.977779
gfvnnvbz,0.967273
w5apmxd6,0.984457
lqga3qup,0.963950
o4jnmyk8,0.993043
516sp18o,0.981211
bs7587h9,0.913554
1el88l12,0.970296
qfaf5kci,0.945443
hdiy4nrm,0.988659
qyz6y3z1,0.960039
de1e1630,0.836791
pocr0vhv,0.898570
1nm3v16x,0.980314
eghpmxpk,0.987117
n3b8pfy4,0.976530
qcyd52al,0.911064
unqr8o1k,0.753754
jwv2qnrm,0.844639
tn29tnyf,0.919271
m7vh30qb,0.974306
kern6yjm,0.739822
k3tgmalw,0.904749
vmb0idd0,0.677894
wpj8yi34,0.757153
0sqcnf9w,0.999000
5n9c70pa,0.960893
8jx54peg,0.985667
jks4i2nr,0.996456
1p02jyv6,0.745317
yjoaoejv,0.819314
9lhalckz,0.939921
3vwlo7am,0.524409
mpq0hzyj,0.928651
b48wumh9,0.964060
nklybwgm,0.978998
p9a9uri7,0.949332
ev4dh9ug,0.903783
f10oo1pv,0.983196
lnd581lt,0.713591
o4rq3q7g,0.952631
ktmqg6nx,0.989933
9owwew9v,0.851668
08liuqdn,0.991124
05xt54fn,0.922254
5g77lk6h,0.795963
qiv929se,0.999000
vl7fq8ab,0.823168
y595cpjz,0.987464
e1xtar0k,0.558746
o31nzsxp,0.992389
efj31ego,0.974591
m62hdxc6,0.986871
rijkq2zu,0.902627
v1fkhnnk,0.985048
8fwrpk0z,0.981421
fknwbhkv,0.906682
jz09owgm,0.991810
f4ln5rgs,0.953455
g6a8mlik,0.972708
22xmq664,0.837678
42sihxod,0.949814
lctt058c,0.865849
uij0yxiy,0.854630
qbvtdg3c,0.898700
6scivuqt,0.971176
2lwhedht,0.990989
hruu5e51,0.905414
h3wqa1vr,0.791425
gss8k5ij,0.967794
ulp98rl9,0.900373
qfcpk7pw,0.973027
tg21hslt,0.971907
dkvuff12,0.893403
4vf89x22,0.919028
j7q4kfmm,0.919630
0qpop1o8,0.988040
m291azhz,0.945976
knl2luhh,0.975538
s4dilrzq,0.965611
8bxy6rkv,0.995387
ndxjn7de,0.907046
0l1offkh,0.974009
diu1jtka,0.917609
1c2zl46q,0.829145
5gqqlyzj,0.921403
0aeoorbt,0.746893
6sapbs22,0.790958
ruw0u92t,0.996954
24d7v911,0.970259
pjq50xcx,0.864685
msy3paua,0.949951
3aipjiyl,0.984819
qx1um55f,0.922733
1hgav42t,0.861784
8llihkpj,0.990025
7hme6p4n,0.841746
p00nqohn,0.970496
3dg60e1e,0.978798
rv0lg92m,0.987241
jeqa2o4m,0.706755
84p4k9dx,0.930371
oq8jxlfi,0.813807
uefz1c25,0.956929
xnofg780,0.987593
3g5dfrlw,0.977233
6jl2l5b5,0.974175
6bnvsfa6,0.829408
d9er94te,0.954437
vwlq6exn,0.679533
wzr04hhe,0.965480
7icdo5di,0.978755
gxl9ysu5,0.577172
1epxu7b6,0.962616
nbhgfb2f,0.977771
lurmw3uq,0.998348
hwtek17m,0.958400
6j3rtxym,0.963068
scnx8eiq,0.993607
etk5lp9c,0.967423
5so79h4h,0.983676
a0mvf4s2,0.919216
ni8tndfw,0.848437
w41f7v4k,0.936426
88k686qe,0.821507
7ajul7w8,0.953696
cof3138i,0.973881
2xog4c8j,0.985483
6e07fpy1,0.976219
aeldwqxk,0.981767
e0qc96mj,0.953500
9n6eqv5y,0.938357
21id9vvn,0.962468
5x48pw5k,0.808078
0jjsp49c,0.874729
d3irvxd2,0.990130
zu4ns7nv,0.879495
v28ue1my,0.940292
6po0m24u,0.992226
s73w1yau,0.998689
a8d7204j,0.826395
3m9iqbq9,0.995489
j2h1tlom,0.833084
344mw04i,0.761276
3dzxlrgn,0.939860
jzm3618l,0.977843
eu6zu1to,0.847628
zhdv5ojz,0.908103
to7d835k,0.842623
uc9pbtyj,0.779677
r39iixha,0.767581
iaw4otuo,0.709270
4uw590z9,0.976432
2jn67lm8,0.922104
e49ite92,0.873840
srl3vzzx,0.930915
t9qubwrp,0.998601
8guucm5f,0.927742
yczu80zr,0.839177
z79hqtyl,0.694950
u58ftyla,0.980717
vzme9wt0,0.297643
0iv1ggxr,0.981140
ed8u8noz,0.528451
emdmz5rg,0.863312
oi9wm1sa,0.550103
v9cng8ta,0.346180
na6u48gw,0.363244
ghm56vu6,0.279410
z5gf3bbt,0.551326
873lkmgs,0.403148
6rv9777t,0.794713
nqetmni3,0.950585
gom6736z,0.732208
4dsxlsut,0.219333
othlqh7p,0.738358
pcaduvl9,0.978140
11zsb8lv,0.558826
6tx0tbkg,0.932381
8b350sgn,0.793976
z6d86zch,0.944637
hxa7hy7a,0.954376
i33993n4,0.979241
bfiy5pu5,0.824792
wh50jyoo,0.301886
k63rvwoz,0.805876
qxiwe6rg,0.980943
l7jy7otk,0.261848
ude358tr,0.978316
e9qdi3g1,0.706056
3iwpfvb7,0.366347
1ghlu8m8,0.853173
7mhxofkc,0.412373
ggxp5cit,0.293045
uf8cyotw,0.325119
g7nfdinu,0.949476
31eiwucx,0.829623
67xkwq0y,0.656185
wm9q7ftm,0.429253
fwg895na,0.292046
2fqztio4,0.500193
m7pp0pnn,0.329143
lo0hhgh5,0.353413
xw6t1oxh,0.945439
fdxk31wb,0.936358
htfnsgpy,0.969318
8257ge0q,0.873003
uz2z0kdn,0.854993
upcj8mo7,0.993762
65efuxq9,0.974868
njc2goui,0.996915
fezac2ex,0.935909
va5e742g,0.996331
rrdnwt2f,0.997362
es5cs9ui,0.999000
14nijcp5,0.989396
2ay7ov50,0.968795
ew25x1fv,0.993707
k1pbcd6f,0.964954
xnoq37kt,0.994769
ll8sn5yz,0.998641
7vxuqdrm,0.934404
swjjjksl,0.990371
66uml3so,0.923453
jpx16f1k,0.970643
yntl2ug0,0.981826
5wh23gxr,0.992059
irjutfvj,0.615821
839ag77q,0.957002
9vjuhbp9,0.954931
vrnegn2b,0.991702
4jtj27yh,0.921227
6uamwjpi,0.976766
wujt4ftl,0.993667
h33hw8d0,0.980808
9jrd4hqf,0.910425
ghdiluvn,0.502205
hdczp0nw,0.970702
ntj5r2sl,0.999000
rw4vnzvz,0.992654
n2hloiki,0.999000
vqa7izq2,0.846234
nmnr06dj,0.940949
in9rg4xv,0.998694
349n1d6d,0.984946
zbc7qk4k,0.970792
6ilsidbx,0.994118
287gt76i,0.908620
3hzcd3ge,0.809690
q10f7ia4,0.997386
1sascebf,0.780614
e54ukigd,0.947607
ix1cnaq2,0.974083
yotos87m,0.992053
vz01sosr,0.890035
2hvnkvon,0.970149
nlhapwf5,0.985844
20xkiaip,0.522893
rqq5qob8,0.977940
67kbqnxp,0.990582
vmsr75rm,0.990130
g7f9fzja,0.958191
hsao2qwk,0.580497
bsepr1b2,0.992221
0uc87nxp,0.981624
0jf6dnob,0.983340
k8hup3ft,0.989471
j6ac4jrc,0.991139
q97rcq6w,0.996607
948ju63l,0.969699
xsy4vy32,0.975283
i3pj7k99,0.939651
bv2j3t4h,0.982056
8qfdtn0p,0.984819
lcfr7cl6,0.990687
p3frb7ei,0.909900
5r8vo4kv,0.955935
fflncc2a,0.993312
trd83x9a,0.923142
ge9ny3mu,0.999000
b6lbu9w3,0.998967
ggo9dvws,0.994415
3kcvjxzd,0.999000
vyb4xz3m,0.980112
